{
  "manifest": {
    "apis": {
      "custom": {
        "endpoint": {
          "uri": "arn:aws:lambda:us-east-1:475685384094:function:7a7f561f-ae2c-4a55-a62c-848a6a0251db:Release_0"
        },
        "interfaces": [],
        "regions": {
          "NA": {
            "endpoint": {
              "uri": "arn:aws:lambda:us-east-1:475685384094:function:7a7f561f-ae2c-4a55-a62c-848a6a0251db:Release_0"
            }
          },
          "EU": {
            "endpoint": {
              "uri": "arn:aws:lambda:eu-west-1:475685384094:function:7a7f561f-ae2c-4a55-a62c-848a6a0251db:Release_0"
            }
          },
          "FE": {
            "endpoint": {
              "uri": "arn:aws:lambda:us-west-2:475685384094:function:7a7f561f-ae2c-4a55-a62c-848a6a0251db:Release_0"
            }
          }
        }
      }
    },
    "manifestVersion": "1.0",
    "publishingInformation": {
      "category": "KNOWLEDGE_AND_TRIVIA",
      "distributionCountries": [],
      "isAvailableWorldwide": true,
      "locales": {
        "pt-BR": {
          "name": "E o galo?"
        }
      },
      "testingInstructions": "Sample Testing Instructions."
    }
  }
}