{
  "interactionModel": {
    "languageModel": {
      "invocationName": "e o galo",
      "intents": [
        {
          "name": "AMAZON.CancelIntent",
          "samples": []
        },
        {
          "name": "AMAZON.HelpIntent",
          "samples": []
        },
        {
          "name": "AMAZON.StopIntent",
          "samples": []
        },
        {
          "name": "AMAZON.NavigateHomeIntent",
          "samples": []
        },
        {
          "name": "HelloWorldIntent",
          "slots": [],
          "samples": [
            "olá",
            "como vai você",
            "diga oi mundo",
            "diga oi",
            "oi",
            "diga olá mundo",
            "diga olá"
          ]
        },
        {
          "name": "AMAZON.FallbackIntent",
          "samples": []
        }
      ],
      "types": []
    }
  },
  "version": "2"
}